edgelist_16mad_pn999.txt	0.5015261
edgelist_25mad_pn999.txt	0.49847385
